{
  "f1": 0.731, 
  "f2": 4350.0, 
  "f3": 19.0, 
  "f4": 9.0, 
  "f5": 9, 
  "f6": 1660.3783783783783, 
  "f7": 26.0, 
  "f8": 37, 
  "f9": 619.0, 
  "f10": 0, 
  "f11": 4.0, 
  "f12": 0, 
  "f13": 0.01954022988505747, 
  "f14": 0.359, 
  "f15": 0.0, 
  "f16": 2871, 
  "f17": 8
}
