{"Tate_metrics": {"short_time": {"single": {"V1": {"successes": 207, "trials": 662, "SE_inelasticity": 0.00032513543495226257, "inelasticity": 0.31268882175226587}, "V2": {"successes": 276, "trials": 577, "SE_inelasticity": 0.0004332129873536601, "inelasticity": 0.4783362218370884}, "V3": {"successes": 413, "trials": 761, "SE_inelasticity": 0.00032654751997560007, "inelasticity": 0.5427069645203679}}, "comp.": {"V2": {"V1": {"lift": 0.1, "z": 4.67385343480399, "conf": 0.041561734750918441, "json_for_ABC": "../calc/ABConfigFakeTest3_V2_V1_short.json"}}, "V3": {"V1": {"lift": 0.1, "z": 7.4071461939197345, "conf": 0.041561734750918441, "json_for_ABC": "../calc/ABConfigFakeTest3_V3_V1_short.json"}, "V2": {"lift": 0.1, "z": 0.5669733957222763, "conf": 0.041561734750918441, "json_for_ABC": "../calc/ABConfigFakeTest3_V3_V2_short.json"}}}}, "late_time": {"single": {"V1": {"successes": 425, "trials": 632, "SE_trans_prob": 0.0003490565241205656, "trans_prob": 0.6724683544303798}, "V2": {"successes": 750, "trials": 1026, "SE_trans_prob": 0.00019184556265384138, "trans_prob": 0.7309941520467836}, "V3": {"successes": 1227, "trials": 1640, "SE_trans_prob": 0.00011495502618905114, "trans_prob": 0.7481707317073171}}, "comp.": {"V2": {"V1": {"lift": 0.1, "z": -0.3518940026839598, "conf": 0.041561734750918441, "json_for_ABC": "../calc/ABConfigFakeTest3_V2_V1_late.json"}}, "V3": {"V1": {"lift": 0.1, "z": 0.36477712705896087, "conf": 0.041561734750918441, "json_for_ABC": "../calc/ABConfigFakeTest3_V3_V1_late.json"}, "V2": {"lift": 0.1, "z": -3.0017138310784013, "conf": 0.041561734750918441, "json_for_ABC": "../calc/ABConfigFakeTest3_V3_V2_late.json"}}}}, "figures": {"V1": {"log10users_vs_pv": "./Output/FakeTest3/V1_log10users_vs_page_views", "users_vs_pv": "./Output/FakeTest3/V1_numUsers_vs_page_views"}, "V2": {"log10users_vs_pv": "./Output/FakeTest3/V2_log10users_vs_page_views", "users_vs_pv": "./Output/FakeTest3/V2_numUsers_vs_page_views"}, "V3": {"log10users_vs_pv": "./Output/FakeTest3/V3_log10users_vs_page_views", "users_vs_pv": "./Output/FakeTest3/V3_numUsers_vs_page_views"}}, "regress": {"single": {"V1": {"SE_mean_page_views": 0.045661162082555, "mean_page_views": 2.00121851625469}, "V2": {"SE_mean_page_views": 0.053630125145496, "mean_page_views": 2.73542962623777}, "V3": {"SE_mean_page_views": 0.0726398125095569, "mean_page_views": 2.98143488701373}}, "comp.": {"V2": {"V1": {"lift": 0.1, "z": 7.268727606444233, "conf": 0.99999999999981859}}, "V3": {"V1": {"lift": 0.1, "z": 8.833215085475562, "conf": 1.0}, "V2": {"lift": 0.1, "z": -0.29427722236618775, "conf": 0.38427303819329739}}}}}, "Freq_metrics": {"desc.": {"V1": {"num_users": 662, "SE_mean_page_views": 0.07643923187165612, "mean_page_views": 1.9546827794561934}, "V2": {"num_users": 577, "SE_mean_page_views": 0.12039267527853671, "mean_page_views": 2.778162911611785}, "V3": {"num_users": 761, "SE_mean_page_views": 0.11707462258552412, "mean_page_views": 3.155059132720105}}, "comp.": {"V2": {"V1": {"conf.png": "./Output/FakeTest3/V2_V1_conf.png"}}, "V3": {"V1": {"conf.png": "./Output/FakeTest3/V3_V1_conf.png"}, "V2": {"conf.png": "./Output/FakeTest3/V3_V2_conf.png"}}}}}