page_views,log10users
1.0,2.82085798944
2.0,2.31597034546
3.0,2.14301480025
4.0,1.97772360529
5.0,1.83884909074
6.0,1.64345267649
7.0,1.39794000867
8.0,1.2552725051
9.0,1.0
10.0,0.903089986992
11.0,0.698970004336
12.0,0.47712125472
13.0,0.47712125472
14.0,0.301029995664
15.0,0.301029995664
16.0,0.0
17.0,0.0
