page_views,log10users
1.0,2.76117581316
2.0,2.44090908207
3.0,2.27875360095
4.0,2.1583624921
5.0,2.05690485134
6.0,1.91381385238
7.0,1.77815125038
8.0,1.63346845558
9.0,1.49136169383
10.0,1.43136376416
11.0,1.27875360095
12.0,1.11394335231
13.0,0.845098040014
14.0,0.602059991328
15.0,0.602059991328
16.0,0.47712125472
17.0,0.301029995664
18.0,0.301029995664
19.0,0.301029995664
20.0,0.0
21.0,0.0
22.0,0.0
