page_views,log10users
1.0,2.88138465677
2.0,2.61595005166
3.0,2.49554433755
4.0,2.35983548234
5.0,2.22271647115
6.0,2.10720996965
7.0,1.98227123304
8.0,1.85733249643
9.0,1.77085201164
10.0,1.61278385672
11.0,1.39794000867
12.0,1.32221929473
13.0,1.23044892138
14.0,1.0
15.0,1.0
16.0,1.0
17.0,1.0
18.0,1.0
19.0,0.778151250384
20.0,0.301029995664
21.0,0.0
